user_id,payment_date,amount
16,2024-02-27,10.0
22,2024-02-08,10.0
27,2024-02-11,10.0
27,2024-03-12,10.0
27,2024-04-11,10.0
39,2024-01-24,10.0
39,2024-02-23,10.0
39,2024-03-24,10.0
39,2024-04-23,10.0
39,2024-05-23,10.0
42,2024-02-22,10.0
42,2024-03-23,10.0
42,2024-04-22,10.0
43,2024-01-21,10.0
67,2024-02-24,10.0
67,2024-03-25,10.0
87,2024-02-13,10.0
87,2024-03-14,10.0
91,2024-02-04,10.0
91,2024-03-05,10.0
101,2024-03-11,10.0
101,2024-04-10,10.0
101,2024-05-10,10.0
101,2024-06-09,10.0
101,2024-07-09,10.0
117,2024-03-04,10.0
117,2024-04-03,10.0
117,2024-05-03,10.0
117,2024-06-02,10.0
117,2024-07-02,10.0
117,2024-08-01,10.0
119,2024-03-16,10.0
119,2024-04-15,10.0
119,2024-05-15,10.0
119,2024-06-14,10.0
119,2024-07-14,10.0
119,2024-08-13,10.0
121,2024-01-26,10.0
121,2024-02-25,10.0
121,2024-03-26,10.0
121,2024-04-25,10.0
121,2024-05-25,10.0
127,2024-01-17,10.0
127,2024-02-16,10.0
127,2024-03-17,10.0
129,2024-02-28,10.0
129,2024-03-29,10.0
129,2024-04-28,10.0
149,2024-01-13,10.0
149,2024-02-12,10.0
149,2024-03-13,10.0
149,2024-04-12,10.0
161,2024-02-18,10.0
199,2024-01-19,10.0
208,2024-02-06,10.0
208,2024-03-07,10.0
213,2024-01-18,10.0
222,2024-02-18,10.0
222,2024-03-19,10.0
222,2024-04-18,10.0
222,2024-05-18,10.0
225,2024-02-12,10.0
225,2024-03-13,10.0
225,2024-04-12,10.0
225,2024-05-12,10.0
225,2024-06-11,10.0
235,2024-02-10,10.0
235,2024-03-11,10.0
235,2024-04-10,10.0
235,2024-05-10,10.0
245,2024-01-21,10.0
245,2024-02-20,10.0
245,2024-03-21,10.0
245,2024-04-20,10.0
245,2024-05-20,10.0
245,2024-06-19,10.0
248,2024-01-13,10.0
248,2024-02-12,10.0
248,2024-03-13,10.0
248,2024-04-12,10.0
248,2024-05-12,10.0
258,2024-02-06,10.0
258,2024-03-07,10.0
258,2024-04-06,10.0
258,2024-05-06,10.0
258,2024-06-05,10.0
258,2024-07-05,10.0
260,2024-02-19,10.0
260,2024-03-20,10.0
260,2024-04-19,10.0
260,2024-05-19,10.0
264,2024-02-10,10.0
264,2024-03-11,10.0
264,2024-04-10,10.0
264,2024-05-10,10.0
264,2024-06-09,10.0
295,2024-02-03,10.0
307,2024-03-08,10.0
307,2024-04-07,10.0
307,2024-05-07,10.0
307,2024-06-06,10.0
307,2024-07-06,10.0
308,2024-01-14,10.0
308,2024-02-13,10.0
308,2024-03-14,10.0
308,2024-04-13,10.0
308,2024-05-13,10.0
312,2024-02-16,10.0
312,2024-03-17,10.0
312,2024-04-16,10.0
327,2024-01-14,10.0
327,2024-02-13,10.0
327,2024-03-14,10.0
331,2024-01-17,10.0
331,2024-02-16,10.0
331,2024-03-17,10.0
331,2024-04-16,10.0
336,2024-01-18,10.0
336,2024-02-17,10.0
336,2024-03-18,10.0
338,2024-01-11,10.0
338,2024-02-10,10.0
338,2024-03-11,10.0
338,2024-04-10,10.0
338,2024-05-10,10.0
367,2024-03-06,10.0
367,2024-04-05,10.0
367,2024-05-05,10.0
367,2024-06-04,10.0
367,2024-07-04,10.0
371,2024-01-13,10.0
371,2024-02-12,10.0
371,2024-03-13,10.0
374,2024-01-20,10.0
381,2024-01-31,10.0
393,2024-01-26,10.0
393,2024-02-25,10.0
393,2024-03-26,10.0
393,2024-04-25,10.0
393,2024-05-25,10.0
393,2024-06-24,10.0
396,2024-02-18,10.0
396,2024-03-19,10.0
417,2024-02-06,10.0
417,2024-03-07,10.0
417,2024-04-06,10.0
427,2024-02-23,10.0
427,2024-03-24,10.0
427,2024-04-23,10.0
427,2024-05-23,10.0
427,2024-06-22,10.0
434,2024-02-26,10.0
434,2024-03-27,10.0
448,2024-03-09,10.0
448,2024-04-08,10.0
448,2024-05-08,10.0
451,2024-01-22,10.0
451,2024-02-21,10.0
451,2024-03-22,10.0
451,2024-04-21,10.0
460,2024-01-07,10.0
472,2024-01-16,10.0
472,2024-02-15,10.0
474,2024-01-16,10.0
474,2024-02-15,10.0
474,2024-03-16,10.0
487,2024-03-05,10.0
487,2024-04-04,10.0
487,2024-05-04,10.0
487,2024-06-03,10.0
487,2024-07-03,10.0
487,2024-08-02,10.0
490,2024-02-17,10.0
490,2024-03-18,10.0
492,2024-01-19,10.0
492,2024-02-18,10.0
492,2024-03-19,10.0
492,2024-04-18,10.0
497,2024-01-19,10.0
497,2024-02-18,10.0
497,2024-03-19,10.0
497,2024-04-18,10.0
506,2024-01-06,10.0
511,2024-01-11,10.0
511,2024-02-10,10.0
518,2024-02-14,10.0
518,2024-03-15,10.0
546,2024-03-03,10.0
546,2024-04-02,10.0
546,2024-05-02,10.0
546,2024-06-01,10.0
546,2024-07-01,10.0
551,2024-01-10,10.0
551,2024-02-09,10.0
551,2024-03-10,10.0
551,2024-04-09,10.0
551,2024-05-09,10.0
565,2024-03-03,10.0
565,2024-04-02,10.0
565,2024-05-02,10.0
572,2024-03-09,10.0
572,2024-04-08,10.0
572,2024-05-08,10.0
580,2024-02-16,10.0
587,2024-02-04,10.0
587,2024-03-05,10.0
587,2024-04-04,10.0
587,2024-05-04,10.0
607,2024-02-05,10.0
607,2024-03-06,10.0
607,2024-04-05,10.0
607,2024-05-05,10.0
607,2024-06-04,10.0
620,2024-02-05,10.0
620,2024-03-06,10.0
620,2024-04-05,10.0
630,2024-01-12,10.0
630,2024-02-11,10.0
634,2024-02-02,10.0
634,2024-03-03,10.0
634,2024-04-02,10.0
669,2024-03-02,10.0
669,2024-04-01,10.0
670,2024-02-24,10.0
670,2024-03-25,10.0
670,2024-04-24,10.0
677,2024-02-18,10.0
691,2024-02-03,10.0
703,2024-01-05,10.0
703,2024-02-04,10.0
703,2024-03-05,10.0
703,2024-04-04,10.0
704,2024-02-24,10.0
706,2024-01-20,10.0
706,2024-02-19,10.0
706,2024-03-20,10.0
716,2024-03-01,10.0
716,2024-03-31,10.0
716,2024-04-30,10.0
725,2024-03-04,10.0
725,2024-04-03,10.0
725,2024-05-03,10.0
725,2024-06-02,10.0
725,2024-07-02,10.0
754,2024-02-12,10.0
754,2024-03-13,10.0
754,2024-04-12,10.0
760,2024-02-12,10.0
760,2024-03-13,10.0
760,2024-04-12,10.0
760,2024-05-12,10.0
760,2024-06-11,10.0
760,2024-07-11,10.0
761,2024-01-19,10.0
761,2024-02-18,10.0
769,2024-01-22,10.0
769,2024-02-21,10.0
769,2024-03-22,10.0
769,2024-04-21,10.0
769,2024-05-21,10.0
773,2024-02-21,10.0
776,2024-02-21,10.0
776,2024-03-22,10.0
776,2024-04-21,10.0
781,2024-02-10,10.0
796,2024-02-14,10.0
796,2024-03-15,10.0
796,2024-04-14,10.0
796,2024-05-14,10.0
800,2024-01-28,10.0
803,2024-02-10,10.0
803,2024-03-11,10.0
803,2024-04-10,10.0
803,2024-05-10,10.0
803,2024-06-09,10.0
803,2024-07-09,10.0
838,2024-01-17,10.0
852,2024-02-08,10.0
879,2024-03-08,10.0
895,2024-02-24,10.0
895,2024-03-25,10.0
895,2024-04-24,10.0
899,2024-01-16,10.0
899,2024-02-15,10.0
899,2024-03-16,10.0
902,2024-01-19,10.0
902,2024-02-18,10.0
902,2024-03-19,10.0
903,2024-01-09,10.0
903,2024-02-08,10.0
918,2024-02-12,10.0
918,2024-03-13,10.0
918,2024-04-12,10.0
918,2024-05-12,10.0
918,2024-06-11,10.0
930,2024-02-09,10.0
930,2024-03-10,10.0
930,2024-04-09,10.0
930,2024-05-09,10.0
937,2024-03-12,10.0
937,2024-04-11,10.0
937,2024-05-11,10.0
948,2024-02-17,10.0
965,2024-01-15,10.0
972,2024-01-31,10.0
972,2024-03-01,10.0
976,2024-03-02,10.0
981,2024-01-19,10.0
981,2024-02-18,10.0
981,2024-03-19,10.0
981,2024-04-18,10.0
994,2024-02-16,10.0
995,2024-01-10,10.0
995,2024-02-09,10.0
995,2024-03-10,10.0
1000,2024-03-08,10.0
1001,2024-03-01,10.0
1001,2024-03-31,10.0
1001,2024-04-30,10.0
1001,2024-05-30,10.0
1001,2024-06-29,10.0
1001,2024-07-29,10.0
1004,2024-01-27,10.0
1004,2024-02-26,10.0
1004,2024-03-27,10.0
1004,2024-04-26,10.0
1004,2024-05-26,10.0
1005,2024-01-28,10.0
1005,2024-02-27,10.0
1005,2024-03-28,10.0
1005,2024-04-27,10.0
1005,2024-05-27,10.0
1025,2024-03-04,10.0
1025,2024-04-03,10.0
1038,2024-01-25,10.0
1038,2024-02-24,10.0
1038,2024-03-25,10.0
1038,2024-04-24,10.0
1043,2024-02-17,10.0
1043,2024-03-18,10.0
1043,2024-04-17,10.0
1048,2024-01-21,10.0
1048,2024-02-20,10.0
1048,2024-03-21,10.0
1048,2024-04-20,10.0
1048,2024-05-20,10.0
1048,2024-06-19,10.0
1057,2024-02-05,10.0
1057,2024-03-06,10.0
1057,2024-04-05,10.0
1057,2024-05-05,10.0
1057,2024-06-04,10.0
1059,2024-03-04,10.0
1059,2024-04-03,10.0
1059,2024-05-03,10.0
1071,2024-02-01,10.0
1071,2024-03-02,10.0
1071,2024-04-01,10.0
1080,2024-01-16,10.0
1080,2024-02-15,10.0
1080,2024-03-16,10.0
1102,2024-02-19,10.0
1102,2024-03-20,10.0
1102,2024-04-19,10.0
1110,2024-02-16,10.0
1119,2024-03-02,10.0
1119,2024-04-01,10.0
1119,2024-05-01,10.0
1119,2024-05-31,10.0
1119,2024-06-30,10.0
1132,2024-01-13,10.0
1133,2024-01-30,10.0
1133,2024-02-29,10.0
1139,2024-03-04,10.0
1146,2024-02-06,10.0
1146,2024-03-07,10.0
1146,2024-04-06,10.0
1150,2024-02-06,10.0
1150,2024-03-07,10.0
1150,2024-04-06,10.0
1153,2024-01-27,10.0
1157,2024-02-25,10.0
1157,2024-03-26,10.0
1157,2024-04-25,10.0
1161,2024-01-28,10.0
1161,2024-02-27,10.0
1161,2024-03-28,10.0
1161,2024-04-27,10.0
1166,2024-02-27,10.0
1167,2024-02-10,10.0
1175,2024-01-14,10.0
1175,2024-02-13,10.0
1175,2024-03-14,10.0
1175,2024-04-13,10.0
1175,2024-05-13,10.0
1175,2024-06-12,10.0
1179,2024-03-14,10.0
1179,2024-04-13,10.0
1179,2024-05-13,10.0
1179,2024-06-12,10.0
1179,2024-07-12,10.0
1179,2024-08-11,10.0
1201,2024-01-10,10.0
1201,2024-02-09,10.0
1201,2024-03-10,10.0
1201,2024-04-09,10.0
1201,2024-05-09,10.0
1201,2024-06-08,10.0
1203,2024-01-11,10.0
1203,2024-02-10,10.0
1203,2024-03-11,10.0
1210,2024-03-08,10.0
1210,2024-04-07,10.0
1210,2024-05-07,10.0
1210,2024-06-06,10.0
1210,2024-07-06,10.0
1210,2024-08-05,10.0
1214,2024-02-18,10.0
1214,2024-03-19,10.0
1214,2024-04-18,10.0
1214,2024-05-18,10.0
1214,2024-06-17,10.0
1218,2024-02-22,10.0
1226,2024-02-24,10.0
1226,2024-03-25,10.0
1226,2024-04-24,10.0
1226,2024-05-24,10.0
1226,2024-06-23,10.0
1226,2024-07-23,10.0
1230,2024-02-08,10.0
1230,2024-03-09,10.0
1230,2024-04-08,10.0
1230,2024-05-08,10.0
1235,2024-01-28,10.0
1235,2024-02-27,10.0
1235,2024-03-28,10.0
1235,2024-04-27,10.0
1242,2024-02-08,10.0
1242,2024-03-09,10.0
1252,2024-01-17,10.0
1274,2024-02-08,10.0
1274,2024-03-09,10.0
1274,2024-04-08,10.0
1283,2024-02-11,10.0
1283,2024-03-12,10.0
1283,2024-04-11,10.0
1284,2024-02-21,10.0
1284,2024-03-22,10.0
1300,2024-03-04,10.0
1300,2024-04-03,10.0
1305,2024-01-10,10.0
1305,2024-02-09,10.0
1305,2024-03-10,10.0
1305,2024-04-09,10.0
1305,2024-05-09,10.0
1306,2024-01-18,10.0
1306,2024-02-17,10.0
1306,2024-03-18,10.0
1313,2024-01-20,10.0
1313,2024-02-19,10.0
1313,2024-03-20,10.0
1313,2024-04-19,10.0
1338,2024-03-03,10.0
1338,2024-04-02,10.0
1338,2024-05-02,10.0
1400,2024-01-11,10.0
1400,2024-02-10,10.0
1400,2024-03-11,10.0
1400,2024-04-10,10.0
1404,2024-01-19,10.0
1404,2024-02-18,10.0
1408,2024-01-25,10.0
1408,2024-02-24,10.0
1411,2024-01-15,10.0
1411,2024-02-14,10.0
1420,2024-01-23,10.0
1422,2024-03-06,10.0
1422,2024-04-05,10.0
1422,2024-05-05,10.0
1422,2024-06-04,10.0
1422,2024-07-04,10.0
1422,2024-08-03,10.0
1430,2024-02-06,10.0
1430,2024-03-07,10.0
1431,2024-02-09,10.0
1440,2024-03-05,10.0
1440,2024-04-04,10.0
1440,2024-05-04,10.0
1440,2024-06-03,10.0
1440,2024-07-03,10.0
1449,2024-02-02,10.0
1449,2024-03-03,10.0
1449,2024-04-02,10.0
1449,2024-05-02,10.0
1452,2024-02-11,10.0
1453,2024-01-08,10.0
1453,2024-02-07,10.0
1471,2024-02-26,10.0
1478,2024-02-19,10.0
1478,2024-03-20,10.0
1478,2024-04-19,10.0
1478,2024-05-19,10.0
1478,2024-06-18,10.0
1481,2024-01-24,10.0
1481,2024-02-23,10.0
1481,2024-03-24,10.0
1481,2024-04-23,10.0
1485,2024-02-10,10.0
1485,2024-03-11,10.0
1485,2024-04-10,10.0
1485,2024-05-10,10.0
1485,2024-06-09,10.0
1485,2024-07-09,10.0
1502,2024-01-22,10.0
1502,2024-02-21,10.0
1502,2024-03-22,10.0
1519,2024-02-10,10.0
1519,2024-03-11,10.0
1519,2024-04-10,10.0
1519,2024-05-10,10.0
1519,2024-06-09,10.0
1536,2024-02-20,10.0
1536,2024-03-21,10.0
1536,2024-04-20,10.0
1536,2024-05-20,10.0
1536,2024-06-19,10.0
1536,2024-07-19,10.0
1556,2024-01-20,10.0
1556,2024-02-19,10.0
1562,2024-02-08,10.0
1562,2024-03-09,10.0
1562,2024-04-08,10.0
1566,2024-01-26,10.0
1566,2024-02-25,10.0
1573,2024-02-02,10.0
1573,2024-03-03,10.0
1573,2024-04-02,10.0
1577,2024-01-31,10.0
1581,2024-01-22,10.0
1581,2024-02-21,10.0
1581,2024-03-22,10.0
1581,2024-04-21,10.0
1581,2024-05-21,10.0
1586,2024-01-19,10.0
1592,2024-03-12,10.0
1592,2024-04-11,10.0
1592,2024-05-11,10.0
1592,2024-06-10,10.0
1592,2024-07-10,10.0
1595,2024-01-23,10.0
1595,2024-02-22,10.0
1595,2024-03-23,10.0
1596,2024-03-01,10.0
1596,2024-03-31,10.0
1596,2024-04-30,10.0
1596,2024-05-30,10.0
1600,2024-01-05,10.0
1600,2024-02-04,10.0
1600,2024-03-05,10.0
1600,2024-04-04,10.0
1600,2024-05-04,10.0
1601,2024-03-08,10.0
1601,2024-04-07,10.0
1601,2024-05-07,10.0
1601,2024-06-06,10.0
1603,2024-01-28,10.0
1603,2024-02-27,10.0
1612,2024-01-23,10.0
1612,2024-02-22,10.0
1612,2024-03-23,10.0
1612,2024-04-22,10.0
1612,2024-05-22,10.0
1627,2024-02-28,10.0
1627,2024-03-29,10.0
1627,2024-04-28,10.0
1666,2024-01-20,10.0
1666,2024-02-19,10.0
1666,2024-03-20,10.0
1671,2024-01-16,10.0
1671,2024-02-15,10.0
1671,2024-03-16,10.0
1671,2024-04-15,10.0
1674,2024-01-20,10.0
1674,2024-02-19,10.0
1674,2024-03-20,10.0
1674,2024-04-19,10.0
1674,2024-05-19,10.0
1674,2024-06-18,10.0
1676,2024-02-23,10.0
1681,2024-02-05,10.0
1681,2024-03-06,10.0
1681,2024-04-05,10.0
1681,2024-05-05,10.0
1681,2024-06-04,10.0
1681,2024-07-04,10.0
1709,2024-02-25,10.0
1709,2024-03-26,10.0
1709,2024-04-25,10.0
1709,2024-05-25,10.0
1709,2024-06-24,10.0
1711,2024-01-28,10.0
1711,2024-02-27,10.0
1733,2024-01-28,10.0
1733,2024-02-27,10.0
1733,2024-03-28,10.0
1733,2024-04-27,10.0
1741,2024-01-18,10.0
1741,2024-02-17,10.0
1741,2024-03-18,10.0
1741,2024-04-17,10.0
1750,2024-01-30,10.0
1750,2024-02-29,10.0
1756,2024-01-18,10.0
1756,2024-02-17,10.0
1756,2024-03-18,10.0
1756,2024-04-17,10.0
1756,2024-05-17,10.0
1766,2024-02-28,10.0
1766,2024-03-29,10.0
1766,2024-04-28,10.0
1783,2024-01-07,10.0
1783,2024-02-06,10.0
1783,2024-03-07,10.0
1795,2024-02-16,10.0
1795,2024-03-17,10.0
1805,2024-02-18,10.0
1806,2024-02-02,10.0
1806,2024-03-03,10.0
1806,2024-04-02,10.0
1806,2024-05-02,10.0
1810,2024-02-21,10.0
1810,2024-03-22,10.0
1822,2024-02-24,10.0
1822,2024-03-25,10.0
1844,2024-01-27,10.0
1844,2024-02-26,10.0
1844,2024-03-27,10.0
1851,2024-02-16,10.0
1853,2024-01-27,10.0
1853,2024-02-26,10.0
1853,2024-03-27,10.0
1856,2024-01-09,10.0
1858,2024-01-06,10.0
1858,2024-02-05,10.0
1858,2024-03-06,10.0
1878,2024-03-03,10.0
1878,2024-04-02,10.0
1878,2024-05-02,10.0
1878,2024-06-01,10.0
1880,2024-02-28,10.0
1880,2024-03-29,10.0
1880,2024-04-28,10.0
1880,2024-05-28,10.0
1884,2024-02-21,10.0
1902,2024-01-29,10.0
1911,2024-02-25,10.0
1911,2024-03-26,10.0
1911,2024-04-25,10.0
1920,2024-02-16,10.0
1920,2024-03-17,10.0
1920,2024-04-16,10.0
1920,2024-05-16,10.0
1931,2024-03-09,10.0
1931,2024-04-08,10.0
1931,2024-05-08,10.0
1931,2024-06-07,10.0
1937,2024-02-10,10.0
1937,2024-03-11,10.0
1937,2024-04-10,10.0
1937,2024-05-10,10.0
1937,2024-06-09,10.0
1950,2024-02-15,10.0
1958,2024-01-11,10.0
1995,2024-03-01,10.0
1995,2024-03-31,10.0
1995,2024-04-30,10.0
1995,2024-05-30,10.0
1995,2024-06-29,10.0
2011,2024-02-07,10.0
2011,2024-03-08,10.0
2011,2024-04-07,10.0
2028,2024-02-19,10.0
2028,2024-03-20,10.0
2028,2024-04-19,10.0
2030,2024-01-29,10.0
2030,2024-02-28,10.0
2030,2024-03-29,10.0
2030,2024-04-28,10.0
2036,2024-01-08,10.0
2036,2024-02-07,10.0
2036,2024-03-08,10.0
2036,2024-04-07,10.0
2037,2024-01-24,10.0
2037,2024-02-23,10.0
2037,2024-03-24,10.0
2037,2024-04-23,10.0
2037,2024-05-23,10.0
2040,2024-02-19,10.0
2040,2024-03-20,10.0
2040,2024-04-19,10.0
2056,2024-01-13,10.0
2056,2024-02-12,10.0
2056,2024-03-13,10.0
2060,2024-01-31,10.0
2060,2024-03-01,10.0
2060,2024-03-31,10.0
2060,2024-04-30,10.0
2060,2024-05-30,10.0
2062,2024-02-22,10.0
2068,2024-02-21,10.0
2068,2024-03-22,10.0
2068,2024-04-21,10.0
2068,2024-05-21,10.0
2068,2024-06-20,10.0
2073,2024-03-12,10.0
2073,2024-04-11,10.0
2073,2024-05-11,10.0
2073,2024-06-10,10.0
2073,2024-07-10,10.0
2075,2024-02-29,10.0
2075,2024-03-30,10.0
2076,2024-01-24,10.0
2076,2024-02-23,10.0
2076,2024-03-24,10.0
2076,2024-04-23,10.0
2076,2024-05-23,10.0
2105,2024-02-06,10.0
2105,2024-03-07,10.0
2105,2024-04-06,10.0
2105,2024-05-06,10.0
2121,2024-02-22,10.0
2121,2024-03-23,10.0
2121,2024-04-22,10.0
2121,2024-05-22,10.0
2121,2024-06-21,10.0
2123,2024-01-29,10.0
2123,2024-02-28,10.0
2123,2024-03-29,10.0
2123,2024-04-28,10.0
2153,2024-03-02,10.0
2153,2024-04-01,10.0
2154,2024-01-30,10.0
2154,2024-02-29,10.0
2154,2024-03-30,10.0
2164,2024-02-22,10.0
2164,2024-03-23,10.0
2164,2024-04-22,10.0
2164,2024-05-22,10.0
2183,2024-02-09,10.0
2183,2024-03-10,10.0
2183,2024-04-09,10.0
2206,2024-01-19,10.0
2206,2024-02-18,10.0
2206,2024-03-19,10.0
2214,2024-02-27,10.0
2214,2024-03-28,10.0
2214,2024-04-27,10.0
2214,2024-05-27,10.0
2214,2024-06-26,10.0
2214,2024-07-26,10.0
2241,2024-01-30,10.0
2241,2024-02-29,10.0
2262,2024-02-23,10.0
2266,2024-02-02,10.0
2266,2024-03-03,10.0
2272,2024-02-21,10.0
2273,2024-02-05,10.0
2281,2024-01-10,10.0
2281,2024-02-09,10.0
2281,2024-03-10,10.0
2281,2024-04-09,10.0
2283,2024-02-22,10.0
2283,2024-03-23,10.0
2283,2024-04-22,10.0
2286,2024-01-19,10.0
2290,2024-02-27,10.0
2290,2024-03-28,10.0
2290,2024-04-27,10.0
2290,2024-05-27,10.0
2290,2024-06-26,10.0
2290,2024-07-26,10.0
2295,2024-02-18,10.0
2295,2024-03-19,10.0
2295,2024-04-18,10.0
2295,2024-05-18,10.0
2295,2024-06-17,10.0
2304,2024-01-10,10.0
2304,2024-02-09,10.0
2317,2024-01-22,10.0
2317,2024-02-21,10.0
2317,2024-03-22,10.0
2317,2024-04-21,10.0
2321,2024-01-30,10.0
2321,2024-02-29,10.0
2323,2024-02-06,10.0
2331,2024-02-17,10.0
2353,2024-01-26,10.0
2353,2024-02-25,10.0
2353,2024-03-26,10.0
2353,2024-04-25,10.0
2359,2024-02-21,10.0
2359,2024-03-22,10.0
2359,2024-04-21,10.0
2359,2024-05-21,10.0
2359,2024-06-20,10.0
2366,2024-02-03,10.0
2366,2024-03-04,10.0
2379,2024-01-24,10.0
2379,2024-02-23,10.0
2379,2024-03-24,10.0
2379,2024-04-23,10.0
2400,2024-01-25,10.0
2400,2024-02-24,10.0
2400,2024-03-25,10.0
2412,2024-01-16,10.0
2412,2024-02-15,10.0
2412,2024-03-16,10.0
2418,2024-01-14,10.0
2431,2024-02-07,10.0
2435,2024-01-14,10.0
2435,2024-02-13,10.0
2435,2024-03-14,10.0
2435,2024-04-13,10.0
2436,2024-02-07,10.0
2436,2024-03-08,10.0
2436,2024-04-07,10.0
2436,2024-05-07,10.0
2436,2024-06-06,10.0
2436,2024-07-06,10.0
2455,2024-01-21,10.0
2455,2024-02-20,10.0
2464,2024-01-14,10.0
2464,2024-02-13,10.0
2464,2024-03-14,10.0
2464,2024-04-13,10.0
2464,2024-05-13,10.0
2464,2024-06-12,10.0
2470,2024-03-02,10.0
2470,2024-04-01,10.0
2470,2024-05-01,10.0
2470,2024-05-31,10.0
2485,2024-02-13,10.0
2485,2024-03-14,10.0
2504,2024-01-17,10.0
2505,2024-02-05,10.0
2505,2024-03-06,10.0
2505,2024-04-05,10.0
2505,2024-05-05,10.0
2512,2024-03-04,10.0
2512,2024-04-03,10.0
2515,2024-02-05,10.0
2515,2024-03-06,10.0
2515,2024-04-05,10.0
2515,2024-05-05,10.0
2515,2024-06-04,10.0
2528,2024-02-05,10.0
2528,2024-03-06,10.0
2528,2024-04-05,10.0
2528,2024-05-05,10.0
2528,2024-06-04,10.0
2529,2024-02-28,10.0
2529,2024-03-29,10.0
2530,2024-01-30,10.0
2530,2024-02-29,10.0
2530,2024-03-30,10.0
2530,2024-04-29,10.0
2531,2024-03-06,10.0
2531,2024-04-05,10.0
2531,2024-05-05,10.0
2547,2024-02-23,10.0
2547,2024-03-24,10.0
2547,2024-04-23,10.0
2562,2024-02-14,10.0
2562,2024-03-15,10.0
2562,2024-04-14,10.0
2562,2024-05-14,10.0
2562,2024-06-13,10.0
2577,2024-02-04,10.0
2577,2024-03-05,10.0
2637,2024-02-09,10.0
2637,2024-03-10,10.0
2637,2024-04-09,10.0
2637,2024-05-09,10.0
2637,2024-06-08,10.0
2637,2024-07-08,10.0
2639,2024-01-09,10.0
2639,2024-02-08,10.0
2639,2024-03-09,10.0
2639,2024-04-08,10.0
2639,2024-05-08,10.0
2641,2024-01-18,10.0
2641,2024-02-17,10.0
2641,2024-03-18,10.0
2641,2024-04-17,10.0
2644,2024-02-09,10.0
2644,2024-03-10,10.0
2644,2024-04-09,10.0
2644,2024-05-09,10.0
2644,2024-06-08,10.0
2644,2024-07-08,10.0
2657,2024-01-20,10.0
2657,2024-02-19,10.0
2657,2024-03-20,10.0
2671,2024-02-17,10.0
2676,2024-01-28,10.0
2676,2024-02-27,10.0
2676,2024-03-28,10.0
2676,2024-04-27,10.0
2676,2024-05-27,10.0
2676,2024-06-26,10.0
2696,2024-02-17,10.0
2696,2024-03-18,10.0
2696,2024-04-17,10.0
2696,2024-05-17,10.0
2696,2024-06-16,10.0
2698,2024-01-30,10.0
2698,2024-02-29,10.0
2698,2024-03-30,10.0
2704,2024-02-02,10.0
2704,2024-03-03,10.0
2704,2024-04-02,10.0
2704,2024-05-02,10.0
2704,2024-06-01,10.0
2704,2024-07-01,10.0
2719,2024-02-22,10.0
2719,2024-03-23,10.0
2719,2024-04-22,10.0
2719,2024-05-22,10.0
2720,2024-03-09,10.0
2720,2024-04-08,10.0
2720,2024-05-08,10.0
2720,2024-06-07,10.0
2748,2024-01-20,10.0
2748,2024-02-19,10.0
2750,2024-02-13,10.0
2780,2024-02-27,10.0
2806,2024-03-03,10.0
2806,2024-04-02,10.0
2806,2024-05-02,10.0
2843,2024-01-17,10.0
2843,2024-02-16,10.0
2858,2024-02-27,10.0
2858,2024-03-28,10.0
2880,2024-02-12,10.0
2880,2024-03-13,10.0
2880,2024-04-12,10.0
2880,2024-05-12,10.0
2880,2024-06-11,10.0
2880,2024-07-11,10.0
2887,2024-03-14,10.0
2900,2024-01-22,10.0
2900,2024-02-21,10.0
2900,2024-03-22,10.0
2900,2024-04-21,10.0
2900,2024-05-21,10.0
2911,2024-03-06,10.0
2911,2024-04-05,10.0
2925,2024-01-23,10.0
2925,2024-02-22,10.0
2925,2024-03-23,10.0
2925,2024-04-22,10.0
2933,2024-03-05,10.0
2933,2024-04-04,10.0
2934,2024-01-26,10.0
2934,2024-02-25,10.0
2943,2024-02-12,10.0
2943,2024-03-13,10.0
2943,2024-04-12,10.0
2960,2024-02-28,10.0
2960,2024-03-29,10.0
2960,2024-04-28,10.0
2960,2024-05-28,10.0
2960,2024-06-27,10.0
2960,2024-07-27,10.0
2962,2024-01-11,10.0
2962,2024-02-10,10.0
2969,2024-02-11,10.0
2969,2024-03-12,10.0
2977,2024-01-13,10.0
2977,2024-02-12,10.0
2977,2024-03-13,10.0
2985,2024-01-27,10.0
2985,2024-02-26,10.0
3004,2024-01-22,10.0
3004,2024-02-21,10.0
3004,2024-03-22,10.0
3004,2024-04-21,10.0
3004,2024-05-21,10.0
3007,2024-02-27,10.0
3017,2024-02-23,10.0
3017,2024-03-24,10.0
3017,2024-04-23,10.0
3021,2024-02-24,10.0
3021,2024-03-25,10.0
3039,2024-03-02,10.0
3039,2024-04-01,10.0
3039,2024-05-01,10.0
3039,2024-05-31,10.0
3039,2024-06-30,10.0
3047,2024-02-11,10.0
3047,2024-03-12,10.0
3049,2024-02-17,10.0
3049,2024-03-18,10.0
3049,2024-04-17,10.0
3049,2024-05-17,10.0
3061,2024-03-02,10.0
3061,2024-04-01,10.0
3061,2024-05-01,10.0
3066,2024-01-17,10.0
3066,2024-02-16,10.0
3066,2024-03-17,10.0
3066,2024-04-16,10.0
3066,2024-05-16,10.0
3066,2024-06-15,10.0
3070,2024-01-02,10.0
3070,2024-02-01,10.0
3070,2024-03-02,10.0
3073,2024-02-09,10.0
3073,2024-03-10,10.0
3085,2024-02-07,10.0
3085,2024-03-08,10.0
3085,2024-04-07,10.0
3123,2024-02-22,10.0
3123,2024-03-23,10.0
3123,2024-04-22,10.0
3139,2024-02-17,10.0
3139,2024-03-18,10.0
3141,2024-01-26,10.0
3141,2024-02-25,10.0
3163,2024-01-12,10.0
3178,2024-02-15,10.0
3178,2024-03-16,10.0
3178,2024-04-15,10.0
3178,2024-05-15,10.0
3178,2024-06-14,10.0
3178,2024-07-14,10.0
3180,2024-01-17,10.0
3180,2024-02-16,10.0
3180,2024-03-17,10.0
3180,2024-04-16,10.0
3180,2024-05-16,10.0
3183,2024-01-29,10.0
3183,2024-02-28,10.0
3183,2024-03-29,10.0
3183,2024-04-28,10.0
3183,2024-05-28,10.0
3195,2024-03-16,10.0
3195,2024-04-15,10.0
3195,2024-05-15,10.0
3195,2024-06-14,10.0
3217,2024-01-29,10.0
3217,2024-02-28,10.0
3218,2024-01-05,10.0
3218,2024-02-04,10.0
3250,2024-02-12,10.0
3260,2024-01-17,10.0
3260,2024-02-16,10.0
3260,2024-03-17,10.0
3279,2024-02-20,10.0
3279,2024-03-21,10.0
3313,2024-02-20,10.0
3313,2024-03-21,10.0
3322,2024-02-23,10.0
3322,2024-03-24,10.0
3339,2024-01-17,10.0
3340,2024-02-25,10.0
3340,2024-03-26,10.0
3340,2024-04-25,10.0
3347,2024-01-25,10.0
3347,2024-02-24,10.0
3347,2024-03-25,10.0
3347,2024-04-24,10.0
3347,2024-05-24,10.0
3347,2024-06-23,10.0
3350,2024-03-03,10.0
3352,2024-02-27,10.0
3353,2024-01-07,10.0
3356,2024-01-20,10.0
3356,2024-02-19,10.0
3356,2024-03-20,10.0
3356,2024-04-19,10.0
3356,2024-05-19,10.0
3369,2024-02-10,10.0
3369,2024-03-11,10.0
3369,2024-04-10,10.0
3369,2024-05-10,10.0
3369,2024-06-09,10.0
3379,2024-01-18,10.0
3379,2024-02-17,10.0
3379,2024-03-18,10.0
3379,2024-04-17,10.0
3379,2024-05-17,10.0
3399,2024-01-17,10.0
3399,2024-02-16,10.0
3402,2024-01-22,10.0
3402,2024-02-21,10.0
3402,2024-03-22,10.0
3402,2024-04-21,10.0
3413,2024-01-30,10.0
3416,2024-01-16,10.0
3424,2024-01-20,10.0
3424,2024-02-19,10.0
3444,2024-01-21,10.0
3444,2024-02-20,10.0
3453,2024-02-10,10.0
3453,2024-03-11,10.0
3453,2024-04-10,10.0
3453,2024-05-10,10.0
3453,2024-06-09,10.0
3453,2024-07-09,10.0
3454,2024-01-17,10.0
3459,2024-01-13,10.0
3460,2024-03-01,10.0
3460,2024-03-31,10.0
3462,2024-02-16,10.0
3462,2024-03-17,10.0
3487,2024-03-01,10.0
3487,2024-03-31,10.0
3487,2024-04-30,10.0
3500,2024-01-11,10.0
3500,2024-02-10,10.0
3500,2024-03-11,10.0
3500,2024-04-10,10.0
3500,2024-05-10,10.0
3509,2024-01-24,10.0
3514,2024-02-13,10.0
3555,2024-02-06,10.0
3555,2024-03-07,10.0
3558,2024-02-29,10.0
3558,2024-03-30,10.0
3558,2024-04-29,10.0
3558,2024-05-29,10.0
3558,2024-06-28,10.0
3559,2024-02-24,10.0
3559,2024-03-25,10.0
3559,2024-04-24,10.0
3559,2024-05-24,10.0
3559,2024-06-23,10.0
3583,2024-01-31,10.0
3583,2024-03-01,10.0
3591,2024-01-12,10.0
3595,2024-01-24,10.0
3595,2024-02-23,10.0
3596,2024-02-13,10.0
3596,2024-03-14,10.0
3601,2024-02-19,10.0
3601,2024-03-20,10.0
3601,2024-04-19,10.0
3601,2024-05-19,10.0
3628,2024-03-03,10.0
3628,2024-04-02,10.0
3628,2024-05-02,10.0
3650,2024-02-03,10.0
3652,2024-02-26,10.0
3652,2024-03-27,10.0
3652,2024-04-26,10.0
3652,2024-05-26,10.0
3658,2024-02-11,10.0
3685,2024-01-24,10.0
3700,2024-02-19,10.0
3700,2024-03-20,10.0
3700,2024-04-19,10.0
3700,2024-05-19,10.0
3702,2024-02-10,10.0
3703,2024-02-22,10.0
3705,2024-01-28,10.0
3705,2024-02-27,10.0
3705,2024-03-28,10.0
3706,2024-02-09,10.0
3706,2024-03-10,10.0
3713,2024-01-06,10.0
3713,2024-02-05,10.0
3713,2024-03-06,10.0
3713,2024-04-05,10.0
3713,2024-05-05,10.0
3713,2024-06-04,10.0
3752,2024-01-23,10.0
3752,2024-02-22,10.0
3753,2024-01-18,10.0
3753,2024-02-17,10.0
3753,2024-03-18,10.0
3757,2024-03-01,10.0
3757,2024-03-31,10.0
3757,2024-04-30,10.0
3757,2024-05-30,10.0
3757,2024-06-29,10.0
3757,2024-07-29,10.0
3758,2024-02-16,10.0
3758,2024-03-17,10.0
3758,2024-04-16,10.0
3777,2024-01-29,10.0
3777,2024-02-28,10.0
3777,2024-03-29,10.0
3777,2024-04-28,10.0
3778,2024-01-18,10.0
3778,2024-02-17,10.0
3778,2024-03-18,10.0
3778,2024-04-17,10.0
3778,2024-05-17,10.0
3778,2024-06-16,10.0
3794,2024-02-29,10.0
3794,2024-03-30,10.0
3794,2024-04-29,10.0
3794,2024-05-29,10.0
3794,2024-06-28,10.0
3795,2024-03-12,10.0
3795,2024-04-11,10.0
3795,2024-05-11,10.0
3795,2024-06-10,10.0
3795,2024-07-10,10.0
3800,2024-02-05,10.0
3800,2024-03-06,10.0
3800,2024-04-05,10.0
3800,2024-05-05,10.0
3800,2024-06-04,10.0
3830,2024-01-31,10.0
3830,2024-03-01,10.0
3830,2024-03-31,10.0
3833,2024-02-01,10.0
3833,2024-03-02,10.0
3833,2024-04-01,10.0
3833,2024-05-01,10.0
3884,2024-02-22,10.0
3888,2024-03-10,10.0
3888,2024-04-09,10.0
3888,2024-05-09,10.0
3888,2024-06-08,10.0
3888,2024-07-08,10.0
3898,2024-01-28,10.0
3898,2024-02-27,10.0
3898,2024-03-28,10.0
3898,2024-04-27,10.0
3898,2024-05-27,10.0
3898,2024-06-26,10.0
3917,2024-02-26,10.0
3917,2024-03-27,10.0
3917,2024-04-26,10.0
3917,2024-05-26,10.0
3917,2024-06-25,10.0
3921,2024-03-08,10.0
3923,2024-03-03,10.0
3923,2024-04-02,10.0
3939,2024-01-11,10.0
3939,2024-02-10,10.0
3946,2024-01-19,10.0
3946,2024-02-18,10.0
3946,2024-03-19,10.0
3956,2024-03-14,10.0
3956,2024-04-13,10.0
3956,2024-05-13,10.0
3966,2024-01-21,10.0
3978,2024-02-08,10.0
3982,2024-02-08,10.0
3982,2024-03-09,10.0
3982,2024-04-08,10.0
3985,2024-03-07,10.0
3985,2024-04-06,10.0
3985,2024-05-06,10.0
3985,2024-06-05,10.0
3985,2024-07-05,10.0
3991,2024-03-08,10.0
3991,2024-04-07,10.0
3991,2024-05-07,10.0
3991,2024-06-06,10.0
3991,2024-07-06,10.0
3991,2024-08-05,10.0
4002,2024-02-13,10.0
4002,2024-03-14,10.0
4008,2024-03-01,10.0
4008,2024-03-31,10.0
4019,2024-01-12,10.0
4020,2024-02-19,10.0
4023,2024-03-01,10.0
4023,2024-03-31,10.0
4023,2024-04-30,10.0
4023,2024-05-30,10.0
4023,2024-06-29,10.0
4024,2024-02-25,10.0
4024,2024-03-26,10.0
4024,2024-04-25,10.0
4028,2024-02-18,10.0
4028,2024-03-19,10.0
4028,2024-04-18,10.0
4029,2024-01-29,10.0
4029,2024-02-28,10.0
4029,2024-03-29,10.0
4029,2024-04-28,10.0
4029,2024-05-28,10.0
4032,2024-02-23,10.0
4032,2024-03-24,10.0
4032,2024-04-23,10.0
4032,2024-05-23,10.0
4039,2024-02-01,10.0
4039,2024-03-02,10.0
4042,2024-02-05,10.0
4042,2024-03-06,10.0
4042,2024-04-05,10.0
4043,2024-02-25,10.0
4043,2024-03-26,10.0
4043,2024-04-25,10.0
4043,2024-05-25,10.0
4043,2024-06-24,10.0
4043,2024-07-24,10.0
4056,2024-02-09,10.0
4056,2024-03-10,10.0
4061,2024-03-09,10.0
4073,2024-02-18,10.0
4073,2024-03-19,10.0
4073,2024-04-18,10.0
4073,2024-05-18,10.0
4073,2024-06-17,10.0
4073,2024-07-17,10.0
4094,2024-02-26,10.0
4103,2024-01-24,10.0
4103,2024-02-23,10.0
4113,2024-02-17,10.0
4113,2024-03-18,10.0
4113,2024-04-17,10.0
4121,2024-01-06,10.0
4121,2024-02-05,10.0
4121,2024-03-06,10.0
4121,2024-04-05,10.0
4121,2024-05-05,10.0
4125,2024-02-29,10.0
4125,2024-03-30,10.0
4125,2024-04-29,10.0
4128,2024-01-15,10.0
4128,2024-02-14,10.0
4135,2024-01-30,10.0
4139,2024-03-04,10.0
4139,2024-04-03,10.0
4139,2024-05-03,10.0
4148,2024-01-18,10.0
4148,2024-02-17,10.0
4148,2024-03-18,10.0
4148,2024-04-17,10.0
4148,2024-05-17,10.0
4157,2024-02-26,10.0
4157,2024-03-27,10.0
4157,2024-04-26,10.0
4164,2024-01-06,10.0
4164,2024-02-05,10.0
4164,2024-03-06,10.0
4164,2024-04-05,10.0
4164,2024-05-05,10.0
4164,2024-06-04,10.0
4183,2024-01-25,10.0
4193,2024-02-26,10.0
4193,2024-03-27,10.0
4193,2024-04-26,10.0
4194,2024-01-16,10.0
4206,2024-02-22,10.0
4217,2024-01-16,10.0
4217,2024-02-15,10.0
4239,2024-03-06,10.0
4239,2024-04-05,10.0
4256,2024-02-10,10.0
4256,2024-03-11,10.0
4256,2024-04-10,10.0
4262,2024-02-18,10.0
4262,2024-03-19,10.0
4271,2024-01-22,10.0
4271,2024-02-21,10.0
4272,2024-01-29,10.0
4272,2024-02-28,10.0
4272,2024-03-29,10.0
4272,2024-04-28,10.0
4293,2024-02-08,10.0
4294,2024-02-09,10.0
4294,2024-03-10,10.0
4294,2024-04-09,10.0
4294,2024-05-09,10.0
4294,2024-06-08,10.0
4294,2024-07-08,10.0
4298,2024-01-05,10.0
4298,2024-02-04,10.0
4321,2024-01-22,10.0
4321,2024-02-21,10.0
4325,2024-01-20,10.0
4325,2024-02-19,10.0
4327,2024-02-27,10.0
4327,2024-03-28,10.0
4327,2024-04-27,10.0
4327,2024-05-27,10.0
4327,2024-06-26,10.0
4334,2024-01-23,10.0
4334,2024-02-22,10.0
4334,2024-03-23,10.0
4334,2024-04-22,10.0
4334,2024-05-22,10.0
4344,2024-01-16,10.0
4344,2024-02-15,10.0
4344,2024-03-16,10.0
4344,2024-04-15,10.0
4344,2024-05-15,10.0
4355,2024-03-04,10.0
4357,2024-02-23,10.0
4357,2024-03-24,10.0
4357,2024-04-23,10.0
4368,2024-01-24,10.0
4368,2024-02-23,10.0
4403,2024-01-16,10.0
4403,2024-02-15,10.0
4403,2024-03-16,10.0
4405,2024-01-15,10.0
4405,2024-02-14,10.0
4405,2024-03-15,10.0
4412,2024-01-17,10.0
4412,2024-02-16,10.0
4412,2024-03-17,10.0
4412,2024-04-16,10.0
4414,2024-02-03,10.0
4415,2024-03-03,10.0
4415,2024-04-02,10.0
4415,2024-05-02,10.0
4419,2024-01-17,10.0
4419,2024-02-16,10.0
4419,2024-03-17,10.0
4419,2024-04-16,10.0
4419,2024-05-16,10.0
4419,2024-06-15,10.0
4431,2024-02-09,10.0
4431,2024-03-10,10.0
4431,2024-04-09,10.0
4431,2024-05-09,10.0
4431,2024-06-08,10.0
4431,2024-07-08,10.0
4467,2024-02-18,10.0
4467,2024-03-19,10.0
4467,2024-04-18,10.0
4468,2024-02-13,10.0
4468,2024-03-14,10.0
4468,2024-04-13,10.0
4468,2024-05-13,10.0
4468,2024-06-12,10.0
4468,2024-07-12,10.0
4477,2024-02-03,10.0
4477,2024-03-04,10.0
4477,2024-04-03,10.0
4483,2024-02-01,10.0
4483,2024-03-02,10.0
4483,2024-04-01,10.0
4483,2024-05-01,10.0
4488,2024-02-28,10.0
4488,2024-03-29,10.0
4488,2024-04-28,10.0
4493,2024-02-17,10.0
4493,2024-03-18,10.0
4493,2024-04-17,10.0
4493,2024-05-17,10.0
4514,2024-02-09,10.0
4514,2024-03-10,10.0
4514,2024-04-09,10.0
4514,2024-05-09,10.0
4516,2024-02-19,10.0
4516,2024-03-20,10.0
4516,2024-04-19,10.0
4516,2024-05-19,10.0
4516,2024-06-18,10.0
4517,2024-02-28,10.0
4517,2024-03-29,10.0
4517,2024-04-28,10.0
4517,2024-05-28,10.0
4523,2024-01-24,10.0
4537,2024-01-28,10.0
4537,2024-02-27,10.0
4537,2024-03-28,10.0
4537,2024-04-27,10.0
4537,2024-05-27,10.0
4537,2024-06-26,10.0
4546,2024-01-14,10.0
4547,2024-02-06,10.0
4564,2024-02-06,10.0
4564,2024-03-07,10.0
4564,2024-04-06,10.0
4564,2024-05-06,10.0
4564,2024-06-05,10.0
4583,2024-02-15,10.0
4583,2024-03-16,10.0
4605,2024-01-22,10.0
4605,2024-02-21,10.0
4605,2024-03-22,10.0
4608,2024-02-18,10.0
4608,2024-03-19,10.0
4608,2024-04-18,10.0
4619,2024-01-31,10.0
4636,2024-02-21,10.0
4636,2024-03-22,10.0
4636,2024-04-21,10.0
4636,2024-05-21,10.0
4639,2024-03-05,10.0
4639,2024-04-04,10.0
4639,2024-05-04,10.0
4659,2024-01-11,10.0
4659,2024-02-10,10.0
4675,2024-02-24,10.0
4681,2024-01-15,10.0
4681,2024-02-14,10.0
4681,2024-03-15,10.0
4681,2024-04-14,10.0
4681,2024-05-14,10.0
4692,2024-02-09,10.0
4692,2024-03-10,10.0
4697,2024-01-14,10.0
4697,2024-02-13,10.0
4697,2024-03-14,10.0
4701,2024-02-24,10.0
4701,2024-03-25,10.0
4701,2024-04-24,10.0
4709,2024-02-17,10.0
4709,2024-03-18,10.0
4709,2024-04-17,10.0
4710,2024-02-23,10.0
4711,2024-01-11,10.0
4714,2024-02-02,10.0
4728,2024-01-30,10.0
4728,2024-02-29,10.0
4728,2024-03-30,10.0
4759,2024-02-17,10.0
4759,2024-03-18,10.0
4759,2024-04-17,10.0
4806,2024-01-17,10.0
4806,2024-02-16,10.0
4806,2024-03-17,10.0
4821,2024-02-20,10.0
4821,2024-03-21,10.0
4826,2024-02-18,10.0
4826,2024-03-19,10.0
4826,2024-04-18,10.0
4826,2024-05-18,10.0
4826,2024-06-17,10.0
4826,2024-07-17,10.0
4828,2024-02-08,10.0
4848,2024-01-29,10.0
4851,2024-02-05,10.0
4863,2024-02-10,10.0
4863,2024-03-11,10.0
4863,2024-04-10,10.0
4863,2024-05-10,10.0
4863,2024-06-09,10.0
4887,2024-01-26,10.0
4887,2024-02-25,10.0
4887,2024-03-26,10.0
4898,2024-02-18,10.0
4898,2024-03-19,10.0
4898,2024-04-18,10.0
4898,2024-05-18,10.0
4898,2024-06-17,10.0
4898,2024-07-17,10.0
4906,2024-02-17,10.0
4906,2024-03-18,10.0
4906,2024-04-17,10.0
4907,2024-03-10,10.0
4910,2024-03-11,10.0
4939,2024-02-21,10.0
4942,2024-01-13,10.0
4942,2024-02-12,10.0
4942,2024-03-13,10.0
4942,2024-04-12,10.0
4942,2024-05-12,10.0
4942,2024-06-11,10.0
4953,2024-02-26,10.0
4953,2024-03-27,10.0
4956,2024-01-19,10.0
4956,2024-02-18,10.0
4956,2024-03-19,10.0
4971,2024-03-08,10.0
4985,2024-01-26,10.0
4985,2024-02-25,10.0
4985,2024-03-26,10.0
4985,2024-04-25,10.0
4985,2024-05-25,10.0
5005,2024-01-25,10.0
5021,2024-02-21,10.0
5021,2024-03-22,10.0
5021,2024-04-21,10.0
5024,2024-01-28,10.0
5024,2024-02-27,10.0
5057,2024-02-23,10.0
5057,2024-03-24,10.0
5057,2024-04-23,10.0
5057,2024-05-23,10.0
5057,2024-06-22,10.0
5066,2024-02-22,10.0
5066,2024-03-23,10.0
5066,2024-04-22,10.0
5090,2024-03-10,10.0
5090,2024-04-09,10.0
5090,2024-05-09,10.0
5104,2024-02-17,10.0
5104,2024-03-18,10.0
5104,2024-04-17,10.0
5119,2024-01-18,10.0
5120,2024-01-13,10.0
5120,2024-02-12,10.0
5121,2024-03-22,10.0
5121,2024-04-21,10.0
5121,2024-05-21,10.0
5121,2024-06-20,10.0
5121,2024-07-20,10.0
5121,2024-08-19,10.0
5124,2024-02-15,10.0
5124,2024-03-16,10.0
5125,2024-02-26,10.0
5125,2024-03-27,10.0
5125,2024-04-26,10.0
5126,2024-03-08,10.0
5126,2024-04-07,10.0
5142,2024-02-20,10.0
5142,2024-03-21,10.0
5142,2024-04-20,10.0
5142,2024-05-20,10.0
5142,2024-06-19,10.0
5142,2024-07-19,10.0
5149,2024-01-05,10.0
5149,2024-02-04,10.0
5151,2024-01-13,10.0
5154,2024-01-24,10.0
5154,2024-02-23,10.0
5194,2024-01-22,10.0
5194,2024-02-21,10.0
5200,2024-02-13,10.0
5202,2024-02-22,10.0
5202,2024-03-23,10.0
5202,2024-04-22,10.0
5202,2024-05-22,10.0
5202,2024-06-21,10.0
5202,2024-07-21,10.0
5205,2024-02-13,10.0
5205,2024-03-14,10.0
5205,2024-04-13,10.0
5212,2024-03-12,10.0
5218,2024-01-22,10.0
5218,2024-02-21,10.0
5218,2024-03-22,10.0
5218,2024-04-21,10.0
5218,2024-05-21,10.0
5218,2024-06-20,10.0
5225,2024-03-03,10.0
5240,2024-02-19,10.0
5240,2024-03-20,10.0
5245,2024-01-24,10.0
5245,2024-02-23,10.0
5252,2024-02-26,10.0
5252,2024-03-27,10.0
5252,2024-04-26,10.0
5252,2024-05-26,10.0
5257,2024-02-29,10.0
5257,2024-03-30,10.0
5257,2024-04-29,10.0
5262,2024-02-05,10.0
5262,2024-03-06,10.0
5262,2024-04-05,10.0
5262,2024-05-05,10.0
5272,2024-03-05,10.0
5272,2024-04-04,10.0
5272,2024-05-04,10.0
5272,2024-06-03,10.0
5272,2024-07-03,10.0
5299,2024-02-22,10.0
5318,2024-02-12,10.0
5318,2024-03-13,10.0
5363,2024-01-16,10.0
5363,2024-02-15,10.0
5363,2024-03-16,10.0
5363,2024-04-15,10.0
5363,2024-05-15,10.0
5363,2024-06-14,10.0
5379,2024-01-19,10.0
5397,2024-02-08,10.0
5397,2024-03-09,10.0
5409,2024-01-16,10.0
5409,2024-02-15,10.0
5409,2024-03-16,10.0
5434,2024-02-21,10.0
5434,2024-03-22,10.0
5434,2024-04-21,10.0
5434,2024-05-21,10.0
5434,2024-06-20,10.0
5435,2024-03-07,10.0
5435,2024-04-06,10.0
5435,2024-05-06,10.0
5435,2024-06-05,10.0
5438,2024-02-17,10.0
5438,2024-03-18,10.0
5438,2024-04-17,10.0
5439,2024-02-18,10.0
5454,2024-02-23,10.0
5454,2024-03-24,10.0
5454,2024-04-23,10.0
5454,2024-05-23,10.0
5478,2024-02-28,10.0
5478,2024-03-29,10.0
5478,2024-04-28,10.0
5478,2024-05-28,10.0
5478,2024-06-27,10.0
5490,2024-01-31,10.0
5496,2024-02-01,10.0
5496,2024-03-02,10.0
5496,2024-04-01,10.0
5496,2024-05-01,10.0
5496,2024-05-31,10.0
5501,2024-02-09,10.0
5501,2024-03-10,10.0
5517,2024-02-28,10.0
5517,2024-03-29,10.0
5517,2024-04-28,10.0
5517,2024-05-28,10.0
5517,2024-06-27,10.0
5517,2024-07-27,10.0
5525,2024-01-15,10.0
5525,2024-02-14,10.0
5525,2024-03-15,10.0
5526,2024-02-12,10.0
5526,2024-03-13,10.0
5526,2024-04-12,10.0
5526,2024-05-12,10.0
5544,2024-02-26,10.0
5544,2024-03-27,10.0
5544,2024-04-26,10.0
5558,2024-01-11,10.0
5558,2024-02-10,10.0
5559,2024-03-04,10.0
5559,2024-04-03,10.0
5559,2024-05-03,10.0
5565,2024-02-22,10.0
5565,2024-03-23,10.0
5568,2024-02-08,10.0
5568,2024-03-09,10.0
5568,2024-04-08,10.0
5568,2024-05-08,10.0
5568,2024-06-07,10.0
5576,2024-01-20,10.0
5576,2024-02-19,10.0
5577,2024-01-24,10.0
5600,2024-01-14,10.0
5600,2024-02-13,10.0
5601,2024-03-02,10.0
5601,2024-04-01,10.0
5605,2024-01-24,10.0
5605,2024-02-23,10.0
5605,2024-03-24,10.0
5605,2024-04-23,10.0
5605,2024-05-23,10.0
5613,2024-02-13,10.0
5613,2024-03-14,10.0
5616,2024-02-04,10.0
5616,2024-03-05,10.0
5616,2024-04-04,10.0
5616,2024-05-04,10.0
5616,2024-06-03,10.0
5628,2024-01-23,10.0
5628,2024-02-22,10.0
5628,2024-03-23,10.0
5629,2024-01-20,10.0
5629,2024-02-19,10.0
5629,2024-03-20,10.0
5632,2024-01-31,10.0
5632,2024-03-01,10.0
5632,2024-03-31,10.0
5632,2024-04-30,10.0
5649,2024-01-22,10.0
5657,2024-01-21,10.0
5657,2024-02-20,10.0
5657,2024-03-21,10.0
5657,2024-04-20,10.0
5657,2024-05-20,10.0
5660,2024-02-11,10.0
5676,2024-01-28,10.0
5676,2024-02-27,10.0
5676,2024-03-28,10.0
5694,2024-03-05,10.0
5694,2024-04-04,10.0
5695,2024-02-13,10.0
5695,2024-03-14,10.0
5695,2024-04-13,10.0
5695,2024-05-13,10.0
5695,2024-06-12,10.0
5710,2024-02-03,10.0
5710,2024-03-04,10.0
5710,2024-04-03,10.0
5710,2024-05-03,10.0
5722,2024-02-12,10.0
5722,2024-03-13,10.0
5741,2024-02-13,10.0
5750,2024-02-22,10.0
5765,2024-02-09,10.0
5780,2024-02-01,10.0
5780,2024-03-02,10.0
5780,2024-04-01,10.0
5780,2024-05-01,10.0
5780,2024-05-31,10.0
5780,2024-06-30,10.0
5784,2024-02-11,10.0
5784,2024-03-12,10.0
5784,2024-04-11,10.0
5792,2024-01-17,10.0
5813,2024-02-18,10.0
5813,2024-03-19,10.0
5834,2024-02-18,10.0
5834,2024-03-19,10.0
5868,2024-02-24,10.0
5868,2024-03-25,10.0
5868,2024-04-24,10.0
5873,2024-03-09,10.0
5873,2024-04-08,10.0
5873,2024-05-08,10.0
5873,2024-06-07,10.0
5878,2024-01-24,10.0
5878,2024-02-23,10.0
5878,2024-03-24,10.0
5878,2024-04-23,10.0
5878,2024-05-23,10.0
5878,2024-06-22,10.0
5880,2024-02-11,10.0
5880,2024-03-12,10.0
5883,2024-02-03,10.0
5883,2024-03-04,10.0
5883,2024-04-03,10.0
5897,2024-02-03,10.0
5897,2024-03-04,10.0
5897,2024-04-03,10.0
5930,2024-02-07,10.0
5931,2024-02-08,10.0
5931,2024-03-09,10.0
5931,2024-04-08,10.0
5933,2024-02-23,10.0
5933,2024-03-24,10.0
5933,2024-04-23,10.0
5933,2024-05-23,10.0
5933,2024-06-22,10.0
5964,2024-02-14,10.0
5964,2024-03-15,10.0
5964,2024-04-14,10.0
5983,2024-02-15,10.0
5986,2024-03-05,10.0
5986,2024-04-04,10.0
5986,2024-05-04,10.0
5989,2024-03-02,10.0
5989,2024-04-01,10.0
5990,2024-01-27,10.0
5990,2024-02-26,10.0
5990,2024-03-27,10.0
5990,2024-04-26,10.0
5993,2024-02-19,10.0
5993,2024-03-20,10.0
5993,2024-04-19,10.0
5993,2024-05-19,10.0
5993,2024-06-18,10.0
5993,2024-07-18,10.0
6005,2024-01-14,10.0
6005,2024-02-13,10.0
6005,2024-03-14,10.0
6005,2024-04-13,10.0
6005,2024-05-13,10.0
6045,2024-02-26,10.0
6045,2024-03-27,10.0
6045,2024-04-26,10.0
6046,2024-03-12,10.0
6046,2024-04-11,10.0
6046,2024-05-11,10.0
6046,2024-06-10,10.0
6046,2024-07-10,10.0
6071,2024-03-16,10.0
6095,2024-01-07,10.0
6095,2024-02-06,10.0
6095,2024-03-07,10.0
6095,2024-04-06,10.0
6102,2024-02-01,10.0
6102,2024-03-02,10.0
6118,2024-02-18,10.0
6118,2024-03-19,10.0
6118,2024-04-18,10.0
6118,2024-05-18,10.0
6118,2024-06-17,10.0
6125,2024-01-15,10.0
6131,2024-02-05,10.0
6131,2024-03-06,10.0
6150,2024-02-15,10.0
6150,2024-03-16,10.0
6150,2024-04-15,10.0
6158,2024-01-22,10.0
6158,2024-02-21,10.0
6158,2024-03-22,10.0
6158,2024-04-21,10.0
6168,2024-02-17,10.0
6168,2024-03-18,10.0
6168,2024-04-17,10.0
6168,2024-05-17,10.0
6168,2024-06-16,10.0
6178,2024-02-25,10.0
6178,2024-03-26,10.0
6223,2024-03-01,10.0
6223,2024-03-31,10.0
6223,2024-04-30,10.0
6223,2024-05-30,10.0
6223,2024-06-29,10.0
6247,2024-01-20,10.0
6247,2024-02-19,10.0
6247,2024-03-20,10.0
6250,2024-02-09,10.0
6251,2024-03-04,10.0
6251,2024-04-03,10.0
6251,2024-05-03,10.0
6254,2024-01-05,10.0
6254,2024-02-04,10.0
6254,2024-03-05,10.0
6254,2024-04-04,10.0
6254,2024-05-04,10.0
6299,2024-01-18,10.0
6299,2024-02-17,10.0
6328,2024-03-09,10.0
6330,2024-03-11,10.0
6330,2024-04-10,10.0
6330,2024-05-10,10.0
6332,2024-01-27,10.0
6332,2024-02-26,10.0
6332,2024-03-27,10.0
6332,2024-04-26,10.0
6332,2024-05-26,10.0
6339,2024-01-28,10.0
6339,2024-02-27,10.0
6339,2024-03-28,10.0
6339,2024-04-27,10.0
6339,2024-05-27,10.0
6340,2024-03-04,10.0
6340,2024-04-03,10.0
6340,2024-05-03,10.0
6340,2024-06-02,10.0
6340,2024-07-02,10.0
6340,2024-08-01,10.0
6352,2024-01-19,10.0
6352,2024-02-18,10.0
6352,2024-03-19,10.0
6352,2024-04-18,10.0
6357,2024-01-20,10.0
6357,2024-02-19,10.0
6357,2024-03-20,10.0
6357,2024-04-19,10.0
6357,2024-05-19,10.0
6357,2024-06-18,10.0
6368,2024-02-13,10.0
6368,2024-03-14,10.0
6368,2024-04-13,10.0
6368,2024-05-13,10.0
6372,2024-03-04,10.0
6372,2024-04-03,10.0
6372,2024-05-03,10.0
6389,2024-01-20,10.0
6389,2024-02-19,10.0
6389,2024-03-20,10.0
6391,2024-02-25,10.0
6391,2024-03-26,10.0
6391,2024-04-25,10.0
6391,2024-05-25,10.0
6402,2024-02-02,10.0
6407,2024-02-12,10.0
6407,2024-03-13,10.0
6407,2024-04-12,10.0
6407,2024-05-12,10.0
6407,2024-06-11,10.0
6418,2024-03-12,10.0
6418,2024-04-11,10.0
6418,2024-05-11,10.0
6418,2024-06-10,10.0
6418,2024-07-10,10.0
6418,2024-08-09,10.0
6419,2024-03-08,10.0
6419,2024-04-07,10.0
6419,2024-05-07,10.0
6419,2024-06-06,10.0
6419,2024-07-06,10.0
6427,2024-01-10,10.0
6427,2024-02-09,10.0
6427,2024-03-10,10.0
6454,2024-01-31,10.0
6454,2024-03-01,10.0
6455,2024-01-30,10.0
6455,2024-02-29,10.0
6455,2024-03-30,10.0
6455,2024-04-29,10.0
6456,2024-03-08,10.0
6456,2024-04-07,10.0
6456,2024-05-07,10.0
6456,2024-06-06,10.0
6459,2024-01-27,10.0
6459,2024-02-26,10.0
6459,2024-03-27,10.0
6463,2024-02-18,10.0
6471,2024-01-26,10.0
6479,2024-01-18,10.0
6479,2024-02-17,10.0
6479,2024-03-18,10.0
6487,2024-01-16,10.0
6487,2024-02-15,10.0
6487,2024-03-16,10.0
6487,2024-04-15,10.0
6487,2024-05-15,10.0
6487,2024-06-14,10.0
6500,2024-02-16,10.0
6508,2024-02-29,10.0
6508,2024-03-30,10.0
6508,2024-04-29,10.0
6531,2024-03-04,10.0
6531,2024-04-03,10.0
6545,2024-02-26,10.0
6545,2024-03-27,10.0
6545,2024-04-26,10.0
6545,2024-05-26,10.0
6545,2024-06-25,10.0
6554,2024-02-26,10.0
6554,2024-03-27,10.0
6563,2024-01-23,10.0
6563,2024-02-22,10.0
6563,2024-03-23,10.0
6565,2024-02-10,10.0
6574,2024-02-15,10.0
6577,2024-02-03,10.0
6577,2024-03-04,10.0
6577,2024-04-03,10.0
6577,2024-05-03,10.0
6577,2024-06-02,10.0
6577,2024-07-02,10.0
6585,2024-02-24,10.0
6585,2024-03-25,10.0
6585,2024-04-24,10.0
6588,2024-03-01,10.0
6613,2024-02-13,10.0
6633,2024-01-16,10.0
6633,2024-02-15,10.0
6633,2024-03-16,10.0
6633,2024-04-15,10.0
6635,2024-01-27,10.0
6649,2024-03-01,10.0
6649,2024-03-31,10.0
6649,2024-04-30,10.0
6650,2024-01-28,10.0
6671,2024-02-23,10.0
6671,2024-03-24,10.0
6671,2024-04-23,10.0
6671,2024-05-23,10.0
6671,2024-06-22,10.0
6672,2024-03-03,10.0
6673,2024-01-14,10.0
6673,2024-02-13,10.0
6673,2024-03-14,10.0
6674,2024-02-26,10.0
6674,2024-03-27,10.0
6674,2024-04-26,10.0
6677,2024-02-13,10.0
6677,2024-03-14,10.0
6696,2024-01-18,10.0
6702,2024-03-01,10.0
6702,2024-03-31,10.0
6702,2024-04-30,10.0
6719,2024-02-04,10.0
6719,2024-03-05,10.0
6719,2024-04-04,10.0
6726,2024-02-27,10.0
6726,2024-03-28,10.0
6726,2024-04-27,10.0
6730,2024-02-20,10.0
6730,2024-03-21,10.0
6730,2024-04-20,10.0
6755,2024-01-19,10.0
6755,2024-02-18,10.0
6755,2024-03-19,10.0
6755,2024-04-18,10.0
6755,2024-05-18,10.0
6761,2024-01-19,10.0
6761,2024-02-18,10.0
6761,2024-03-19,10.0
6761,2024-04-18,10.0
6761,2024-05-18,10.0
6762,2024-02-17,10.0
6762,2024-03-18,10.0
6762,2024-04-17,10.0
6787,2024-02-12,10.0
6787,2024-03-13,10.0
6788,2024-01-11,10.0
6788,2024-02-10,10.0
6790,2024-02-19,10.0
6790,2024-03-20,10.0
6790,2024-04-19,10.0
6790,2024-05-19,10.0
6790,2024-06-18,10.0
6790,2024-07-18,10.0
6802,2024-01-24,10.0
6802,2024-02-23,10.0
6802,2024-03-24,10.0
6821,2024-01-26,10.0
6821,2024-02-25,10.0
6821,2024-03-26,10.0
6823,2024-01-20,10.0
6834,2024-01-19,10.0
6834,2024-02-18,10.0
6834,2024-03-19,10.0
6834,2024-04-18,10.0
6834,2024-05-18,10.0
6834,2024-06-17,10.0
6836,2024-01-31,10.0
6836,2024-03-01,10.0
6836,2024-03-31,10.0
6836,2024-04-30,10.0
6838,2024-02-19,10.0
6842,2024-01-31,10.0
6855,2024-01-22,10.0
6855,2024-02-21,10.0
6855,2024-03-22,10.0
6855,2024-04-21,10.0
6855,2024-05-21,10.0
6857,2024-01-26,10.0
6866,2024-01-29,10.0
6879,2024-02-01,10.0
6879,2024-03-02,10.0
6879,2024-04-01,10.0
6879,2024-05-01,10.0
6879,2024-05-31,10.0
6879,2024-06-30,10.0
6892,2024-01-04,10.0
6892,2024-02-03,10.0
6892,2024-03-04,10.0
6896,2024-01-04,10.0
6899,2024-01-15,10.0
6899,2024-02-14,10.0
6907,2024-01-11,10.0
6907,2024-02-10,10.0
6907,2024-03-11,10.0
6907,2024-04-10,10.0
6907,2024-05-10,10.0
6933,2024-01-03,10.0
6933,2024-02-02,10.0
6933,2024-03-03,10.0
6943,2024-03-04,10.0
6943,2024-04-03,10.0
6943,2024-05-03,10.0
6956,2024-02-10,10.0
6960,2024-02-20,10.0
6960,2024-03-21,10.0
6974,2024-02-17,10.0
6974,2024-03-18,10.0
6974,2024-04-17,10.0
6974,2024-05-17,10.0
6979,2024-02-23,10.0
6982,2024-01-14,10.0
6990,2024-02-15,10.0
6990,2024-03-16,10.0
6990,2024-04-15,10.0
6997,2024-02-04,10.0
6997,2024-03-05,10.0
6997,2024-04-04,10.0
7011,2024-03-10,10.0
7011,2024-04-09,10.0
7011,2024-05-09,10.0
7011,2024-06-08,10.0
7026,2024-01-16,10.0
7026,2024-02-15,10.0
7026,2024-03-16,10.0
7026,2024-04-15,10.0
7026,2024-05-15,10.0
7031,2024-01-14,10.0
7031,2024-02-13,10.0
7031,2024-03-14,10.0
7031,2024-04-13,10.0
7031,2024-05-13,10.0
7031,2024-06-12,10.0
7050,2024-02-14,10.0
7050,2024-03-15,10.0
7050,2024-04-14,10.0
7050,2024-05-14,10.0
7050,2024-06-13,10.0
7050,2024-07-13,10.0
7065,2024-02-15,10.0
7065,2024-03-16,10.0
7065,2024-04-15,10.0
7084,2024-02-21,10.0
7084,2024-03-22,10.0
7084,2024-04-21,10.0
7084,2024-05-21,10.0
7084,2024-06-20,10.0
7095,2024-01-19,10.0
7100,2024-02-04,10.0
7104,2024-03-06,10.0
7111,2024-03-07,10.0
7111,2024-04-06,10.0
7111,2024-05-06,10.0
7119,2024-03-01,10.0
7119,2024-03-31,10.0
7119,2024-04-30,10.0
7128,2024-02-22,10.0
7128,2024-03-23,10.0
7128,2024-04-22,10.0
7128,2024-05-22,10.0
7128,2024-06-21,10.0
7128,2024-07-21,10.0
7158,2024-01-31,10.0
7158,2024-03-01,10.0
7158,2024-03-31,10.0
7158,2024-04-30,10.0
7158,2024-05-30,10.0
7173,2024-01-19,10.0
7185,2024-01-17,10.0
7185,2024-02-16,10.0
7185,2024-03-17,10.0
7185,2024-04-16,10.0
7208,2024-01-28,10.0
7225,2024-02-29,10.0
7225,2024-03-30,10.0
7225,2024-04-29,10.0
7225,2024-05-29,10.0
7225,2024-06-28,10.0
7227,2024-02-24,10.0
7255,2024-03-02,10.0
7255,2024-04-01,10.0
7272,2024-02-13,10.0
7272,2024-03-14,10.0
7272,2024-04-13,10.0
7272,2024-05-13,10.0
7272,2024-06-12,10.0
7304,2024-02-16,10.0
7304,2024-03-17,10.0
7304,2024-04-16,10.0
7304,2024-05-16,10.0
7304,2024-06-15,10.0
7305,2024-02-16,10.0
7305,2024-03-17,10.0
7305,2024-04-16,10.0
7308,2024-02-28,10.0
7308,2024-03-29,10.0
7320,2024-01-28,10.0
7320,2024-02-27,10.0
7325,2024-01-21,10.0
7325,2024-02-20,10.0
7325,2024-03-21,10.0
7325,2024-04-20,10.0
7325,2024-05-20,10.0
7325,2024-06-19,10.0
7326,2024-02-29,10.0
7326,2024-03-30,10.0
7326,2024-04-29,10.0
7326,2024-05-29,10.0
7326,2024-06-28,10.0
7338,2024-02-10,10.0
7338,2024-03-11,10.0
7338,2024-04-10,10.0
7347,2024-02-29,10.0
7347,2024-03-30,10.0
7347,2024-04-29,10.0
7347,2024-05-29,10.0
7347,2024-06-28,10.0
7353,2024-02-07,10.0
7353,2024-03-08,10.0
7370,2024-01-07,10.0
7375,2024-01-24,10.0
7375,2024-02-23,10.0
7375,2024-03-24,10.0
7375,2024-04-23,10.0
7382,2024-02-23,10.0
7382,2024-03-24,10.0
7386,2024-01-24,10.0
7386,2024-02-23,10.0
7386,2024-03-24,10.0
7402,2024-02-26,10.0
7402,2024-03-27,10.0
7404,2024-02-15,10.0
7404,2024-03-16,10.0
7404,2024-04-15,10.0
7427,2024-01-16,10.0
7427,2024-02-15,10.0
7427,2024-03-16,10.0
7427,2024-04-15,10.0
7427,2024-05-15,10.0
7427,2024-06-14,10.0
7428,2024-03-03,10.0
7428,2024-04-02,10.0
7428,2024-05-02,10.0
7428,2024-06-01,10.0
7428,2024-07-01,10.0
7428,2024-07-31,10.0
7430,2024-02-10,10.0
7432,2024-02-05,10.0
7433,2024-01-21,10.0
7433,2024-02-20,10.0
7441,2024-02-11,10.0
7451,2024-01-16,10.0
7464,2024-02-15,10.0
7465,2024-01-14,10.0
7478,2024-03-04,10.0
7478,2024-04-03,10.0
7478,2024-05-03,10.0
7478,2024-06-02,10.0
7478,2024-07-02,10.0
7478,2024-08-01,10.0
7481,2024-02-23,10.0
7481,2024-03-24,10.0
7481,2024-04-23,10.0
7481,2024-05-23,10.0
7489,2024-03-06,10.0
7489,2024-04-05,10.0
7489,2024-05-05,10.0
7489,2024-06-04,10.0
7489,2024-07-04,10.0
7498,2024-02-21,10.0
7501,2024-01-21,10.0
7501,2024-02-20,10.0
7501,2024-03-21,10.0
7531,2024-02-11,10.0
7531,2024-03-12,10.0
7531,2024-04-11,10.0
7531,2024-05-11,10.0
7531,2024-06-10,10.0
7531,2024-07-10,10.0
7549,2024-02-04,10.0
7549,2024-03-05,10.0
7557,2024-01-05,10.0
7558,2024-03-02,10.0
7564,2024-01-23,10.0
7564,2024-02-22,10.0
7564,2024-03-23,10.0
7564,2024-04-22,10.0
7615,2024-02-28,10.0
7615,2024-03-29,10.0
7615,2024-04-28,10.0
7615,2024-05-28,10.0
7616,2024-02-05,10.0
7616,2024-03-06,10.0
7618,2024-02-25,10.0
7618,2024-03-26,10.0
7618,2024-04-25,10.0
7618,2024-05-25,10.0
7655,2024-01-15,10.0
7655,2024-02-14,10.0
7655,2024-03-15,10.0
7655,2024-04-14,10.0
7707,2024-01-18,10.0
7714,2024-01-26,10.0
7714,2024-02-25,10.0
7726,2024-03-21,10.0
7726,2024-04-20,10.0
7733,2024-01-21,10.0
7733,2024-02-20,10.0
7733,2024-03-21,10.0
7733,2024-04-20,10.0
7755,2024-02-05,10.0
7755,2024-03-06,10.0
7768,2024-02-21,10.0
7768,2024-03-22,10.0
7768,2024-04-21,10.0
7768,2024-05-21,10.0
7768,2024-06-20,10.0
7768,2024-07-20,10.0
7772,2024-02-16,10.0
7772,2024-03-17,10.0
7772,2024-04-16,10.0
7787,2024-03-07,10.0
7801,2024-02-02,10.0
7822,2024-02-24,10.0
7822,2024-03-25,10.0
7822,2024-04-24,10.0
7833,2024-01-17,10.0
7833,2024-02-16,10.0
7856,2024-01-29,10.0
7856,2024-02-28,10.0
7856,2024-03-29,10.0
7880,2024-02-04,10.0
7880,2024-03-05,10.0
7880,2024-04-04,10.0
7888,2024-03-01,10.0
7888,2024-03-31,10.0
7897,2024-02-21,10.0
7897,2024-03-22,10.0
7897,2024-04-21,10.0
7897,2024-05-21,10.0
7897,2024-06-20,10.0
7897,2024-07-20,10.0
7898,2024-02-20,10.0
7898,2024-03-21,10.0
7898,2024-04-20,10.0
7898,2024-05-20,10.0
7899,2024-02-03,10.0
7899,2024-03-04,10.0
7899,2024-04-03,10.0
7899,2024-05-03,10.0
7915,2024-01-30,10.0
7915,2024-02-29,10.0
7915,2024-03-30,10.0
7927,2024-03-02,10.0
7927,2024-04-01,10.0
7927,2024-05-01,10.0
7927,2024-05-31,10.0
7935,2024-02-12,10.0
7935,2024-03-13,10.0
7935,2024-04-12,10.0
7939,2024-02-28,10.0
7939,2024-03-29,10.0
7939,2024-04-28,10.0
7943,2024-03-03,10.0
7954,2024-02-29,10.0
7954,2024-03-30,10.0
7954,2024-04-29,10.0
7954,2024-05-29,10.0
7954,2024-06-28,10.0
7954,2024-07-28,10.0
7963,2024-03-02,10.0
7981,2024-01-13,10.0
8019,2024-01-10,10.0
8019,2024-02-09,10.0
8019,2024-03-10,10.0
8019,2024-04-09,10.0
8027,2024-03-06,10.0
8027,2024-04-05,10.0
8027,2024-05-05,10.0
8027,2024-06-04,10.0
8027,2024-07-04,10.0
8027,2024-08-03,10.0
8028,2024-02-28,10.0
8028,2024-03-29,10.0
8028,2024-04-28,10.0
8028,2024-05-28,10.0
8030,2024-03-10,10.0
8030,2024-04-09,10.0
8030,2024-05-09,10.0
8030,2024-06-08,10.0
8030,2024-07-08,10.0
8030,2024-08-07,10.0
8032,2024-03-10,10.0
8032,2024-04-09,10.0
8042,2024-02-07,10.0
8042,2024-03-08,10.0
8101,2024-02-02,10.0
8101,2024-03-03,10.0
8101,2024-04-02,10.0
8112,2024-02-01,10.0
8112,2024-03-02,10.0
8112,2024-04-01,10.0
8112,2024-05-01,10.0
8112,2024-05-31,10.0
8131,2024-02-27,10.0
8150,2024-03-13,10.0
8150,2024-04-12,10.0
8150,2024-05-12,10.0
8150,2024-06-11,10.0
8150,2024-07-11,10.0
8152,2024-03-03,10.0
8152,2024-04-02,10.0
8152,2024-05-02,10.0
8174,2024-03-04,10.0
8174,2024-04-03,10.0
8174,2024-05-03,10.0
8174,2024-06-02,10.0
8180,2024-01-12,10.0
8182,2024-01-06,10.0
8182,2024-02-05,10.0
8182,2024-03-06,10.0
8182,2024-04-05,10.0
8205,2024-02-13,10.0
8205,2024-03-14,10.0
8205,2024-04-13,10.0
8209,2024-01-30,10.0
8221,2024-02-10,10.0
8221,2024-03-11,10.0
8228,2024-01-18,10.0
8228,2024-02-17,10.0
8228,2024-03-18,10.0
8238,2024-01-27,10.0
8238,2024-02-26,10.0
8245,2024-02-16,10.0
8250,2024-01-28,10.0
8250,2024-02-27,10.0
8274,2024-02-05,10.0
8274,2024-03-06,10.0
8274,2024-04-05,10.0
8276,2024-01-29,10.0
8276,2024-02-28,10.0
8276,2024-03-29,10.0
8276,2024-04-28,10.0
8276,2024-05-28,10.0
8276,2024-06-27,10.0
8287,2024-01-17,10.0
8287,2024-02-16,10.0
8287,2024-03-17,10.0
8287,2024-04-16,10.0
8294,2024-02-02,10.0
8294,2024-03-03,10.0
8296,2024-01-27,10.0
8296,2024-02-26,10.0
8296,2024-03-27,10.0
8296,2024-04-26,10.0
8296,2024-05-26,10.0
8298,2024-01-12,10.0
8298,2024-02-11,10.0
8298,2024-03-12,10.0
8305,2024-01-24,10.0
8305,2024-02-23,10.0
8305,2024-03-24,10.0
8305,2024-04-23,10.0
8305,2024-05-23,10.0
8305,2024-06-22,10.0
8331,2024-02-03,10.0
8331,2024-03-04,10.0
8331,2024-04-03,10.0
8331,2024-05-03,10.0
8334,2024-01-30,10.0
8334,2024-02-29,10.0
8334,2024-03-30,10.0
8334,2024-04-29,10.0
8334,2024-05-29,10.0
8334,2024-06-28,10.0
8344,2024-01-23,10.0
8344,2024-02-22,10.0
8344,2024-03-23,10.0
8344,2024-04-22,10.0
8344,2024-05-22,10.0
8344,2024-06-21,10.0
8348,2024-02-23,10.0
8348,2024-03-24,10.0
8348,2024-04-23,10.0
8348,2024-05-23,10.0
8348,2024-06-22,10.0
8348,2024-07-22,10.0
8368,2024-01-30,10.0
8368,2024-02-29,10.0
8368,2024-03-30,10.0
8368,2024-04-29,10.0
8368,2024-05-29,10.0
8371,2024-01-18,10.0
8384,2024-02-18,10.0
8384,2024-03-19,10.0
8384,2024-04-18,10.0
8404,2024-02-22,10.0
8404,2024-03-23,10.0
8404,2024-04-22,10.0
8404,2024-05-22,10.0
8404,2024-06-21,10.0
8404,2024-07-21,10.0
8405,2024-03-04,10.0
8405,2024-04-03,10.0
8405,2024-05-03,10.0
8409,2024-03-07,10.0
8409,2024-04-06,10.0
8417,2024-01-12,10.0
8424,2024-02-09,10.0
8434,2024-01-29,10.0
8434,2024-02-28,10.0
8434,2024-03-29,10.0
8434,2024-04-28,10.0
8434,2024-05-28,10.0
8434,2024-06-27,10.0
8443,2024-02-16,10.0
8454,2024-02-27,10.0
8454,2024-03-28,10.0
8454,2024-04-27,10.0
8513,2024-01-18,10.0
8520,2024-02-24,10.0
8520,2024-03-25,10.0
8520,2024-04-24,10.0
8520,2024-05-24,10.0
8522,2024-03-02,10.0
8522,2024-04-01,10.0
8522,2024-05-01,10.0
8540,2024-02-25,10.0
8540,2024-03-26,10.0
8540,2024-04-25,10.0
8545,2024-02-12,10.0
8545,2024-03-13,10.0
8547,2024-02-13,10.0
8560,2024-01-16,10.0
8560,2024-02-15,10.0
8560,2024-03-16,10.0
8560,2024-04-15,10.0
8578,2024-03-11,10.0
8578,2024-04-10,10.0
8578,2024-05-10,10.0
8592,2024-01-29,10.0
8592,2024-02-28,10.0
8592,2024-03-29,10.0
8592,2024-04-28,10.0
8599,2024-01-10,10.0
8599,2024-02-09,10.0
8599,2024-03-10,10.0
8617,2024-02-14,10.0
8623,2024-01-20,10.0
8623,2024-02-19,10.0
8623,2024-03-20,10.0
8623,2024-04-19,10.0
8640,2024-03-04,10.0
8640,2024-04-03,10.0
8640,2024-05-03,10.0
8655,2024-02-23,10.0
8655,2024-03-24,10.0
8655,2024-04-23,10.0
8655,2024-05-23,10.0
8655,2024-06-22,10.0
8655,2024-07-22,10.0
8669,2024-02-14,10.0
8669,2024-03-15,10.0
8669,2024-04-14,10.0
8669,2024-05-14,10.0
8696,2024-02-27,10.0
8696,2024-03-28,10.0
8715,2024-01-17,10.0
8725,2024-02-18,10.0
8725,2024-03-19,10.0
8725,2024-04-18,10.0
8729,2024-03-11,10.0
8729,2024-04-10,10.0
8729,2024-05-10,10.0
8729,2024-06-09,10.0
8729,2024-07-09,10.0
8729,2024-08-08,10.0
8748,2024-03-02,10.0
8748,2024-04-01,10.0
8748,2024-05-01,10.0
8748,2024-05-31,10.0
8748,2024-06-30,10.0
8748,2024-07-30,10.0
8786,2024-03-07,10.0
8786,2024-04-06,10.0
8786,2024-05-06,10.0
8799,2024-01-21,10.0
8799,2024-02-20,10.0
8813,2024-02-29,10.0
8813,2024-03-30,10.0
8813,2024-04-29,10.0
8813,2024-05-29,10.0
8813,2024-06-28,10.0
8813,2024-07-28,10.0
8814,2024-02-08,10.0
8833,2024-03-01,10.0
8839,2024-02-14,10.0
8839,2024-03-15,10.0
8839,2024-04-14,10.0
8839,2024-05-14,10.0
8839,2024-06-13,10.0
8839,2024-07-13,10.0
8840,2024-01-31,10.0
8845,2024-03-02,10.0
8845,2024-04-01,10.0
8845,2024-05-01,10.0
8845,2024-05-31,10.0
8845,2024-06-30,10.0
8845,2024-07-30,10.0
8851,2024-01-22,10.0
8851,2024-02-21,10.0
8851,2024-03-22,10.0
8854,2024-02-12,10.0
8854,2024-03-13,10.0
8854,2024-04-12,10.0
8854,2024-05-12,10.0
8861,2024-02-29,10.0
8861,2024-03-30,10.0
8861,2024-04-29,10.0
8875,2024-03-02,10.0
8875,2024-04-01,10.0
8875,2024-05-01,10.0
8894,2024-03-07,10.0
8894,2024-04-06,10.0
8911,2024-01-28,10.0
8911,2024-02-27,10.0
8911,2024-03-28,10.0
8938,2024-03-05,10.0
8938,2024-04-04,10.0
8938,2024-05-04,10.0
8938,2024-06-03,10.0
8938,2024-07-03,10.0
8938,2024-08-02,10.0
8948,2024-01-16,10.0
8948,2024-02-15,10.0
8948,2024-03-16,10.0
8948,2024-04-15,10.0
8948,2024-05-15,10.0
8948,2024-06-14,10.0
8951,2024-02-27,10.0
8951,2024-03-28,10.0
8951,2024-04-27,10.0
8951,2024-05-27,10.0
8951,2024-06-26,10.0
8961,2024-02-24,10.0
8961,2024-03-25,10.0
8961,2024-04-24,10.0
8961,2024-05-24,10.0
8961,2024-06-23,10.0
8984,2024-02-29,10.0
8984,2024-03-30,10.0
8984,2024-04-29,10.0
8988,2024-02-13,10.0
9006,2024-01-14,10.0
9006,2024-02-13,10.0
9009,2024-01-18,10.0
9009,2024-02-17,10.0
9009,2024-03-18,10.0
9009,2024-04-17,10.0
9009,2024-05-17,10.0
9015,2024-02-13,10.0
9020,2024-02-10,10.0
9020,2024-03-11,10.0
9026,2024-01-11,10.0
9026,2024-02-10,10.0
9026,2024-03-11,10.0
9026,2024-04-10,10.0
9036,2024-03-02,10.0
9036,2024-04-01,10.0
9036,2024-05-01,10.0
9060,2024-01-26,10.0
9060,2024-02-25,10.0
9060,2024-03-26,10.0
9060,2024-04-25,10.0
9060,2024-05-25,10.0
9079,2024-01-21,10.0
9079,2024-02-20,10.0
9079,2024-03-21,10.0
9079,2024-04-20,10.0
9112,2024-01-21,10.0
9112,2024-02-20,10.0
9112,2024-03-21,10.0
9112,2024-04-20,10.0
9113,2024-02-26,10.0
9113,2024-03-27,10.0
9113,2024-04-26,10.0
9146,2024-01-12,10.0
9146,2024-02-11,10.0
9147,2024-02-17,10.0
9147,2024-03-18,10.0
9147,2024-04-17,10.0
9147,2024-05-17,10.0
9147,2024-06-16,10.0
9152,2024-02-05,10.0
9152,2024-03-06,10.0
9152,2024-04-05,10.0
9152,2024-05-05,10.0
9155,2024-02-09,10.0
9155,2024-03-10,10.0
9155,2024-04-09,10.0
9155,2024-05-09,10.0
9155,2024-06-08,10.0
9155,2024-07-08,10.0
9185,2024-03-02,10.0
9185,2024-04-01,10.0
9185,2024-05-01,10.0
9185,2024-05-31,10.0
9185,2024-06-30,10.0
9198,2024-02-20,10.0
9198,2024-03-21,10.0
9226,2024-02-02,10.0
9242,2024-02-26,10.0
9242,2024-03-27,10.0
9242,2024-04-26,10.0
9244,2024-01-21,10.0
9251,2024-02-20,10.0
9251,2024-03-21,10.0
9251,2024-04-20,10.0
9251,2024-05-20,10.0
9255,2024-02-19,10.0
9255,2024-03-20,10.0
9269,2024-01-25,10.0
9269,2024-02-24,10.0
9280,2024-01-31,10.0
9283,2024-01-26,10.0
9283,2024-02-25,10.0
9298,2024-02-19,10.0
9298,2024-03-20,10.0
9298,2024-04-19,10.0
9298,2024-05-19,10.0
9298,2024-06-18,10.0
9300,2024-02-25,10.0
9300,2024-03-26,10.0
9300,2024-04-25,10.0
9301,2024-02-15,10.0
9301,2024-03-16,10.0
9301,2024-04-15,10.0
9301,2024-05-15,10.0
9310,2024-02-08,10.0
9310,2024-03-09,10.0
9310,2024-04-08,10.0
9310,2024-05-08,10.0
9310,2024-06-07,10.0
9310,2024-07-07,10.0
9315,2024-02-08,10.0
9315,2024-03-09,10.0
9315,2024-04-08,10.0
9315,2024-05-08,10.0
9315,2024-06-07,10.0
9322,2024-01-27,10.0
9322,2024-02-26,10.0
9322,2024-03-27,10.0
9322,2024-04-26,10.0
9322,2024-05-26,10.0
9322,2024-06-25,10.0
9323,2024-02-24,10.0
9323,2024-03-25,10.0
9323,2024-04-24,10.0
9323,2024-05-24,10.0
9323,2024-06-23,10.0
9332,2024-02-11,10.0
9332,2024-03-12,10.0
9332,2024-04-11,10.0
9333,2024-02-06,10.0
9333,2024-03-07,10.0
9333,2024-04-06,10.0
9333,2024-05-06,10.0
9333,2024-06-05,10.0
9333,2024-07-05,10.0
9338,2024-01-13,10.0
9338,2024-02-12,10.0
9348,2024-02-09,10.0
9348,2024-03-10,10.0
9348,2024-04-09,10.0
9348,2024-05-09,10.0
9348,2024-06-08,10.0
9348,2024-07-08,10.0
9355,2024-01-13,10.0
9355,2024-02-12,10.0
9355,2024-03-13,10.0
9359,2024-02-07,10.0
9359,2024-03-08,10.0
9359,2024-04-07,10.0
9359,2024-05-07,10.0
9359,2024-06-06,10.0
9359,2024-07-06,10.0
9361,2024-02-14,10.0
9361,2024-03-15,10.0
9361,2024-04-14,10.0
9361,2024-05-14,10.0
9361,2024-06-13,10.0
9361,2024-07-13,10.0
9374,2024-03-11,10.0
9378,2024-03-10,10.0
9378,2024-04-09,10.0
9382,2024-01-23,10.0
9382,2024-02-22,10.0
9382,2024-03-23,10.0
9382,2024-04-22,10.0
9382,2024-05-22,10.0
9382,2024-06-21,10.0
9390,2024-02-07,10.0
9390,2024-03-08,10.0
9390,2024-04-07,10.0
9390,2024-05-07,10.0
9395,2024-01-07,10.0
9405,2024-01-16,10.0
9405,2024-02-15,10.0
9405,2024-03-16,10.0
9405,2024-04-15,10.0
9405,2024-05-15,10.0
9405,2024-06-14,10.0
9411,2024-02-23,10.0
9416,2024-01-30,10.0
9416,2024-02-29,10.0
9432,2024-03-02,10.0
9432,2024-04-01,10.0
9432,2024-05-01,10.0
9435,2024-02-14,10.0
9435,2024-03-15,10.0
9435,2024-04-14,10.0
9435,2024-05-14,10.0
9437,2024-01-20,10.0
9437,2024-02-19,10.0
9457,2024-02-09,10.0
9457,2024-03-10,10.0
9457,2024-04-09,10.0
9467,2024-02-10,10.0
9467,2024-03-11,10.0
9467,2024-04-10,10.0
9469,2024-02-09,10.0
9473,2024-02-24,10.0
9473,2024-03-25,10.0
9473,2024-04-24,10.0
9473,2024-05-24,10.0
9473,2024-06-23,10.0
9476,2024-01-23,10.0
9476,2024-02-22,10.0
9476,2024-03-23,10.0
9487,2024-02-28,10.0
9493,2024-01-13,10.0
9493,2024-02-12,10.0
9505,2024-01-09,10.0
9509,2024-02-08,10.0
9513,2024-01-08,10.0
9513,2024-02-07,10.0
9513,2024-03-08,10.0
9513,2024-04-07,10.0
9532,2024-02-09,10.0
9532,2024-03-10,10.0
9532,2024-04-09,10.0
9532,2024-05-09,10.0
9532,2024-06-08,10.0
9534,2024-03-03,10.0
9534,2024-04-02,10.0
9534,2024-05-02,10.0
9534,2024-06-01,10.0
9547,2024-03-06,10.0
9547,2024-04-05,10.0
9547,2024-05-05,10.0
9547,2024-06-04,10.0
9547,2024-07-04,10.0
9547,2024-08-03,10.0
9548,2024-01-08,10.0
9548,2024-02-07,10.0
9548,2024-03-08,10.0
9548,2024-04-07,10.0
9557,2024-01-09,10.0
9557,2024-02-08,10.0
9557,2024-03-09,10.0
9559,2024-03-03,10.0
9559,2024-04-02,10.0
9559,2024-05-02,10.0
9572,2024-02-15,10.0
9622,2024-01-31,10.0
9622,2024-03-01,10.0
9622,2024-03-31,10.0
9622,2024-04-30,10.0
9625,2024-03-03,10.0
9625,2024-04-02,10.0
9625,2024-05-02,10.0
9637,2024-03-09,10.0
9637,2024-04-08,10.0
9646,2024-02-28,10.0
9646,2024-03-29,10.0
9657,2024-02-27,10.0
9657,2024-03-28,10.0
9657,2024-04-27,10.0
9657,2024-05-27,10.0
9657,2024-06-26,10.0
9657,2024-07-26,10.0
9668,2024-02-28,10.0
9688,2024-02-03,10.0
9688,2024-03-04,10.0
9715,2024-02-08,10.0
9715,2024-03-09,10.0
9715,2024-04-08,10.0
9715,2024-05-08,10.0
9715,2024-06-07,10.0
9715,2024-07-07,10.0
9717,2024-03-04,10.0
9717,2024-04-03,10.0
9719,2024-01-11,10.0
9719,2024-02-10,10.0
9719,2024-03-11,10.0
9722,2024-03-03,10.0
9722,2024-04-02,10.0
9732,2024-02-22,10.0
9732,2024-03-23,10.0
9732,2024-04-22,10.0
9732,2024-05-22,10.0
9749,2024-02-01,10.0
9749,2024-03-02,10.0
9749,2024-04-01,10.0
9755,2024-02-29,10.0
9755,2024-03-30,10.0
9755,2024-04-29,10.0
9755,2024-05-29,10.0
9782,2024-02-04,10.0
9796,2024-01-16,10.0
9796,2024-02-15,10.0
9796,2024-03-16,10.0
9798,2024-02-02,10.0
9798,2024-03-03,10.0
9798,2024-04-02,10.0
9798,2024-05-02,10.0
9798,2024-06-01,10.0
9798,2024-07-01,10.0
9802,2024-01-31,10.0
9802,2024-03-01,10.0
9802,2024-03-31,10.0
9805,2024-02-06,10.0
9805,2024-03-07,10.0
9811,2024-01-24,10.0
9811,2024-02-23,10.0
9811,2024-03-24,10.0
9811,2024-04-23,10.0
9811,2024-05-23,10.0
9818,2024-01-26,10.0
9823,2024-03-14,10.0
9823,2024-04-13,10.0
9829,2024-02-17,10.0
9830,2024-01-27,10.0
9841,2024-02-11,10.0
9841,2024-03-12,10.0
9860,2024-02-11,10.0
9860,2024-03-12,10.0
9862,2024-02-14,10.0
9862,2024-03-15,10.0
9866,2024-01-19,10.0
9866,2024-02-18,10.0
9866,2024-03-19,10.0
9866,2024-04-18,10.0
9885,2024-03-03,10.0
9885,2024-04-02,10.0
9885,2024-05-02,10.0
9885,2024-06-01,10.0
9902,2024-02-12,10.0
9902,2024-03-13,10.0
9902,2024-04-12,10.0
9902,2024-05-12,10.0
9951,2024-02-28,10.0
9951,2024-03-29,10.0
9952,2024-01-19,10.0
9952,2024-02-18,10.0
9952,2024-03-19,10.0
9952,2024-04-18,10.0
9952,2024-05-18,10.0
9962,2024-02-14,10.0
9976,2024-01-25,10.0
9976,2024-02-24,10.0
9979,2024-02-17,10.0
